algorithm,topology,nodes,actual_nodes,trial,converged,coverage,terminated,micros,estimate,expected,rel_error
gossip,full,10,10,1,true,10,0,1536,,5.500000,
gossip,full,10,10,2,true,10,0,1331,,5.500000,
gossip,full,10,10,3,true,10,0,307,,5.500000,
gossip,full,10,10,4,true,10,0,409,,5.500000,
gossip,full,10,10,5,true,10,0,410,,5.500000,
gossip,full,20,20,1,true,20,0,512,,10.500000,
gossip,full,20,20,2,true,20,0,717,,10.500000,
gossip,full,20,20,3,true,20,0,410,,10.500000,
gossip,full,20,20,4,true,20,0,512,,10.500000,
gossip,full,20,20,5,true,20,0,512,,10.500000,
gossip,full,50,50,1,true,50,0,819,,25.500000,
gossip,full,50,50,2,true,50,0,819,,25.500000,
gossip,full,50,50,3,true,50,0,922,,25.500000,
gossip,full,50,50,4,true,50,0,921,,25.500000,
gossip,full,50,50,5,true,50,0,922,,25.500000,
gossip,full,100,100,1,true,100,0,1332,,50.500000,
gossip,full,100,100,2,true,100,0,1639,,50.500000,
gossip,full,100,100,3,true,100,0,1434,,50.500000,
gossip,full,100,100,4,true,100,0,1434,,50.500000,
gossip,full,100,100,5,true,100,0,1843,,50.500000,
gossip,full,200,200,1,true,200,0,2253,,100.500000,
gossip,full,200,200,2,true,200,0,2253,,100.500000,
gossip,full,200,200,3,true,200,0,2150,,100.500000,
gossip,full,200,200,4,true,200,0,2150,,100.500000,
gossip,full,200,200,5,true,200,0,2560,,100.500000,
gossip,full,500,500,1,true,500,0,4710,,250.500000,
gossip,full,500,500,2,true,500,0,4711,,250.500000,
gossip,full,500,500,3,true,500,0,5018,,250.500000,
gossip,full,500,500,4,true,500,0,4710,,250.500000,
gossip,full,500,500,5,true,500,0,5018,,250.500000,
gossip,full,1000,1000,1,true,1000,0,8909,,500.500000,
gossip,full,1000,1000,2,true,1000,0,9728,,500.500000,
gossip,full,1000,1000,3,true,1000,0,10445,,500.500000,
gossip,full,1000,1000,4,true,1000,0,9011,,500.500000,
gossip,full,1000,1000,5,true,1000,0,9216,,500.500000,
gossip,full,2000,2000,1,true,2000,0,19047,,1000.500000,
gossip,full,2000,2000,2,true,2000,0,17920,,1000.500000,
gossip,full,2000,2000,3,true,2000,0,16896,,1000.500000,
gossip,full,2000,2000,4,true,2000,0,18227,,1000.500000,
gossip,full,2000,2000,5,true,2000,0,43828,,1000.500000,
gossip,full,5000,5000,1,true,5000,0,47616,,2500.500000,
gossip,full,5000,5000,2,true,5000,0,45875,,2500.500000,
gossip,full,5000,5000,3,true,5000,0,49357,,2500.500000,
gossip,full,5000,5000,4,true,5000,0,48845,,2500.500000,
gossip,full,5000,5000,5,true,5000,0,48538,,2500.500000,
gossip,full,10000,10000,1,true,10000,0,129536,,5000.500000,
gossip,full,10000,10000,2,true,10000,0,113357,,5000.500000,
gossip,full,10000,10000,3,true,10000,0,133632,,5000.500000,
gossip,full,10000,10000,4,true,10000,0,108032,,5000.500000,
gossip,full,10000,10000,5,true,10000,0,124621,,5000.500000,
gossip,full,20000,20000,1,true,20000,0,213913,,10000.500000,
gossip,full,20000,20000,2,true,20000,0,237875,,10000.500000,
gossip,full,20000,20000,3,true,20000,0,255795,,10000.500000,
gossip,full,20000,20000,4,true,20000,0,280576,,10000.500000,
gossip,full,20000,20000,5,true,20000,0,197222,,10000.500000,
gossip,full,50000,50000,1,true,50000,0,784076,,25000.500000,
gossip,full,50000,50000,2,true,50000,0,641843,,25000.500000,
gossip,full,50000,50000,3,true,50000,0,678912,,25000.500000,
gossip,full,50000,50000,4,true,50000,0,727757,,25000.500000,
gossip,full,50000,50000,5,true,50000,0,640615,,25000.500000,
gossip,full,100000,100000,1,true,100000,0,1912218,,50000.500000,
gossip,full,100000,100000,2,true,100000,0,1504564,,50000.500000,
gossip,full,100000,100000,3,true,100000,0,1487667,,50000.500000,
gossip,full,100000,100000,4,true,100000,0,1623655,,50000.500000,
gossip,full,100000,100000,5,true,100000,0,1608499,,50000.500000,
gossip,2D,10,16,1,true,16,0,2356,,8.500000,
gossip,2D,10,16,2,true,16,0,1434,,8.500000,
gossip,2D,10,16,3,true,16,0,1638,,8.500000,
gossip,2D,10,16,4,true,16,0,1638,,8.500000,
gossip,2D,10,16,5,true,16,0,1434,,8.500000,
gossip,2D,20,25,1,true,25,0,2867,,13.000000,
gossip,2D,20,25,2,true,25,0,2457,,13.000000,
gossip,2D,20,25,3,true,25,0,2253,,13.000000,
gossip,2D,20,25,4,true,25,0,2355,,13.000000,
gossip,2D,20,25,5,true,25,0,3072,,13.000000,
gossip,2D,50,64,1,true,64,0,19354,,32.500000,
gossip,2D,50,64,2,true,64,0,7271,,32.500000,
gossip,2D,50,64,3,true,64,0,13414,,32.500000,
gossip,2D,50,64,4,true,64,0,3789,,32.500000,
gossip,2D,50,64,5,true,64,0,24268,,32.500000,
gossip,2D,100,100,1,true,100,0,17817,,50.500000,
gossip,2D,100,100,2,true,100,0,23552,,50.500000,
gossip,2D,100,100,3,true,100,0,8397,,50.500000,
gossip,2D,100,100,4,true,100,0,18842,,50.500000,
gossip,2D,100,100,5,true,100,0,18125,,50.500000,
gossip,2D,200,225,1,true,225,0,54272,,113.000000,
gossip,2D,200,225,2,true,225,0,41575,,113.000000,
gossip,2D,200,225,3,true,225,0,97792,,113.000000,
gossip,2D,200,225,4,true,225,0,25088,,113.000000,
gossip,2D,200,225,5,true,225,0,64820,,113.000000,
gossip,2D,500,529,1,true,529,0,318771,,265.000000,
gossip,2D,500,529,2,true,529,0,123289,,265.000000,
gossip,2D,500,529,3,true,529,0,142336,,265.000000,
gossip,2D,500,529,4,true,529,0,90112,,265.000000,
gossip,2D,500,529,5,true,529,0,428646,,265.000000,
gossip,2D,1000,1024,1,true,1024,0,338636,,512.500000,
gossip,2D,1000,1024,2,true,1024,0,327578,,512.500000,
gossip,2D,1000,1024,3,true,1024,0,1200845,,512.500000,
gossip,2D,1000,1024,4,true,1024,0,2080256,,512.500000,
gossip,2D,1000,1024,5,true,1024,0,987238,,512.500000,
gossip,2D,2000,2025,1,false,2024,0,60018278,,1013.000000,
gossip,2D,2000,2025,2,true,2025,0,839475,,1013.000000,
gossip,2D,2000,2025,3,true,2025,0,655975,,1013.000000,
gossip,2D,2000,2025,4,true,2025,0,1207910,,1013.000000,
gossip,2D,2000,2025,5,true,2025,0,1162138,,1013.000000,
gossip,2D,5000,5041,1,true,5041,0,2616115,,2521.000000,
gossip,2D,5000,5041,2,false,5040,0,60087398,,2521.000000,
gossip,2D,5000,5041,3,true,5041,0,3298714,,2521.000000,
gossip,2D,5000,5041,4,false,5040,0,60120781,,2521.000000,
gossip,2D,5000,5041,5,true,5041,0,4311654,,2521.000000,
gossip,2D,10000,10000,1,true,10000,0,9106227,,5000.500000,
gossip,2D,10000,10000,2,true,10000,0,9675264,,5000.500000,
gossip,2D,10000,10000,3,true,10000,0,10420941,,5000.500000,
gossip,2D,10000,10000,4,true,10000,0,10100122,,5000.500000,
gossip,2D,10000,10000,5,true,10000,0,8533300,,5000.500000,
gossip,2D,20000,20164,1,false,20162,0,180262195,,10082.500000,
gossip,2D,20000,20164,2,false,20162,0,180240179,,10082.500000,
gossip,2D,20000,20164,3,false,20162,0,180254733,,10082.500000,
gossip,2D,20000,20164,4,false,20163,0,180292885,,10082.500000,
gossip,2D,20000,20164,5,false,20162,0,180240969,,10082.500000,
gossip,2D,50000,50176,1,false,50173,0,180688763,,25088.500000,
gossip,2D,50000,50176,2,false,50174,0,180847483,,25088.500000,
gossip,2D,50000,50176,3,false,50174,0,180757576,,25088.500000,
gossip,2D,50000,50176,4,false,50169,0,180461026,,25088.500000,
gossip,2D,50000,50176,5,false,50168,0,180460309,,25088.500000,
gossip,line,10,10,1,true,10,0,4301,,5.500000,
gossip,line,10,10,2,true,10,0,3584,,5.500000,
gossip,line,10,10,3,true,10,0,819,,5.500000,
gossip,line,10,10,4,true,10,0,4300,,5.500000,
gossip,line,10,10,5,true,10,0,4198,,5.500000,
gossip,line,20,20,1,true,20,0,5325,,10.500000,
gossip,line,20,20,2,true,20,0,11161,,10.500000,
gossip,line,20,20,3,true,20,0,5223,,10.500000,
gossip,line,20,20,4,true,20,0,6042,,10.500000,
gossip,line,20,20,5,true,20,0,6861,,10.500000,
gossip,line,50,50,1,true,50,0,79667,,25.500000,
gossip,line,50,50,2,true,50,0,54477,,25.500000,
gossip,line,50,50,3,true,50,0,31130,,25.500000,
gossip,line,50,50,4,true,50,0,41984,,25.500000,
gossip,line,50,50,5,true,50,0,31846,,25.500000,
gossip,line,100,100,1,false,61,0,15001498,,50.500000,
gossip,line,100,100,2,true,100,0,143667,,50.500000,
gossip,line,100,100,3,true,100,0,305050,,50.500000,
gossip,line,100,100,4,true,100,0,134349,,50.500000,
gossip,line,100,100,5,true,100,0,125748,,50.500000,
gossip,line,200,200,1,false,81,0,15003136,,100.500000,
gossip,line,200,200,2,false,192,0,15002317,,100.500000,
gossip,line,200,200,3,true,200,0,391168,,100.500000,
gossip,line,200,200,4,true,200,0,629555,,100.500000,
gossip,line,200,200,5,true,200,0,822272,,100.500000,
gossip,line,500,500,1,false,144,0,15002522,,250.500000,
gossip,line,500,500,2,false,292,0,15003034,,250.500000,
gossip,line,500,500,3,false,353,0,15006618,,250.500000,
gossip,line,500,500,4,true,500,0,2052403,,250.500000,
gossip,line,500,500,5,false,334,0,15005594,,250.500000,
gossip,line,1000,1000,1,false,187,0,15002521,,500.500000,
gossip,line,1000,1000,2,false,740,0,15013069,,500.500000,
gossip,line,1000,1000,3,true,1000,0,9339802,,500.500000,
gossip,line,1000,1000,4,false,339,0,15006515,,500.500000,
gossip,line,1000,1000,5,false,866,0,15011840,,500.500000,
gossip,line,2000,2000,1,false,44,0,60001382,,1000.500000,
gossip,line,2000,2000,2,false,331,0,60017562,,1000.500000,
gossip,line,2000,2000,3,false,784,0,60011827,,1000.500000,
gossip,line,2000,2000,4,false,1931,0,60030771,,1000.500000,
gossip,line,2000,2000,5,false,259,0,60004147,,1000.500000,
gossip,line,5000,5000,1,false,931,0,60010804,,2500.500000,
gossip,line,5000,5000,2,false,255,0,60004557,,2500.500000,
gossip,line,5000,5000,3,false,1229,0,60019815,,2500.500000,
gossip,line,5000,5000,4,false,575,0,60007833,,2500.500000,
gossip,line,5000,5000,5,false,575,0,60007411,,2500.500000,
gossip,imp2D,10,16,1,true,16,0,3174,,8.500000,
gossip,imp2D,10,16,2,true,16,0,1843,,8.500000,
gossip,imp2D,10,16,3,true,16,0,1127,,8.500000,
gossip,imp2D,10,16,4,true,16,0,1434,,8.500000,
gossip,imp2D,10,16,5,true,16,0,820,,8.500000,
gossip,imp2D,20,25,1,true,25,0,2458,,13.000000,
gossip,imp2D,20,25,2,true,25,0,2355,,13.000000,
gossip,imp2D,20,25,3,true,25,0,2560,,13.000000,
gossip,imp2D,20,25,4,true,25,0,2151,,13.000000,
gossip,imp2D,20,25,5,true,25,0,1331,,13.000000,
gossip,imp2D,50,64,1,true,64,0,3072,,32.500000,
gossip,imp2D,50,64,2,true,64,0,7680,,32.500000,
gossip,imp2D,50,64,3,true,64,0,5120,,32.500000,
gossip,imp2D,50,64,4,true,64,0,5939,,32.500000,
gossip,imp2D,50,64,5,true,64,0,19046,,32.500000,
gossip,imp2D,100,100,1,true,100,0,17715,,50.500000,
gossip,imp2D,100,100,2,true,100,0,12698,,50.500000,
gossip,imp2D,100,100,3,true,100,0,23449,,50.500000,
gossip,imp2D,100,100,4,true,100,0,19047,,50.500000,
gossip,imp2D,100,100,5,true,100,0,10035,,50.500000,
gossip,imp2D,200,225,1,true,225,0,48948,,113.000000,
gossip,imp2D,200,225,2,true,225,0,46796,,113.000000,
gossip,imp2D,200,225,3,true,225,0,63693,,113.000000,
gossip,imp2D,200,225,4,true,225,0,193229,,113.000000,
gossip,imp2D,200,225,5,true,225,0,40756,,113.000000,
gossip,imp2D,500,529,1,true,529,0,145818,,265.000000,
gossip,imp2D,500,529,2,true,529,0,80691,,265.000000,
gossip,imp2D,500,529,3,true,529,0,77210,,265.000000,
gossip,imp2D,500,529,4,true,529,0,83866,,265.000000,
gossip,imp2D,500,529,5,true,529,0,52531,,265.000000,
gossip,imp2D,1000,1024,1,true,1024,0,131788,,512.500000,
gossip,imp2D,1000,1024,2,false,1023,0,15010202,,512.500000,
gossip,imp2D,1000,1024,3,true,1024,0,130356,,512.500000,
gossip,imp2D,1000,1024,4,false,1023,0,15013171,,512.500000,
gossip,imp2D,1000,1024,5,true,1024,0,116224,,512.500000,
gossip,imp2D,2000,2025,1,true,2025,0,252109,,1013.000000,
gossip,imp2D,2000,2025,2,true,2025,0,168448,,1013.000000,
gossip,imp2D,2000,2025,3,true,2025,0,290407,,1013.000000,
gossip,imp2D,2000,2025,4,true,2025,0,333926,,1013.000000,
gossip,imp2D,2000,2025,5,true,2025,0,222720,,1013.000000,
gossip,imp2D,5000,5041,1,true,5041,0,900404,,2521.000000,
gossip,imp2D,5000,5041,2,true,5041,0,990618,,2521.000000,
gossip,imp2D,5000,5041,3,true,5041,0,882893,,2521.000000,
gossip,imp2D,5000,5041,4,false,5040,0,60043879,,2521.000000,
gossip,imp2D,5000,5041,5,true,5041,0,796365,,2521.000000,
gossip,imp2D,10000,10000,1,true,10000,0,3508327,,5000.500000,
gossip,imp2D,10000,10000,2,false,9999,0,60094976,,5000.500000,
gossip,imp2D,10000,10000,3,true,10000,0,3209421,,5000.500000,
gossip,imp2D,10000,10000,4,true,10000,0,2934682,,5000.500000,
gossip,imp2D,10000,10000,5,true,10000,0,3036672,,5000.500000,
gossip,imp2D,20000,20164,1,true,20164,0,10910720,,10082.500000,
gossip,imp2D,20000,20164,2,false,20163,0,180318106,,10082.500000,
gossip,imp2D,20000,20164,3,false,20162,0,180205261,,10082.500000,
gossip,imp2D,20000,20164,4,false,20160,0,180170854,,10082.500000,
gossip,imp2D,20000,20164,5,false,20160,0,180278594,,10082.500000,
gossip,imp2D,50000,50176,1,false,50174,0,180501396,,25088.500000,
gossip,imp2D,50000,50176,2,false,50170,0,180563348,,25088.500000,
gossip,imp2D,50000,50176,3,false,50172,0,181027731,,25088.500000,
gossip,imp2D,50000,50176,4,false,50173,0,180434836,,25088.500000,
gossip,imp2D,50000,50176,5,false,50170,0,180694522,,25088.500000,
gossip,imp2D,100000,100489,1,false,63199,0,180796307,,50245.000000,
gossip,imp2D,100000,100489,2,false,62684,0,180876691,,50245.000000,
gossip,imp2D,100000,100489,3,false,65289,0,180560583,,50245.000000,
gossip,imp2D,100000,100489,4,false,64591,0,180485933,,50245.000000,
gossip,imp2D,100000,100489,5,false,62765,0,180043054,,50245.000000,
push_sum,full,10,10,1,true,0,10,9114,5.500000,5.500000,1.70627148774e-12
push_sum,full,10,10,2,true,0,10,2150,5.500000,5.500000,3.68674787668e-12
push_sum,full,10,10,3,true,0,10,2867,5.500000,5.500000,3.79752794867e-12
push_sum,full,10,10,4,true,0,10,3072,5.500000,5.500000,4.79810131021e-12
push_sum,full,10,10,5,true,0,10,2150,5.500000,5.500000,1.84434286025e-12
push_sum,full,20,20,1,true,0,20,9830,10.500000,10.500000,7.02083893668e-13
push_sum,full,20,20,2,true,0,20,27648,10.500000,10.500000,4.61428144371e-11
push_sum,full,20,20,3,true,0,20,10342,10.500000,10.500000,2.46490658572e-13
push_sum,full,20,20,4,true,0,20,7065,10.500000,10.500000,2.98580208177e-12
push_sum,full,20,20,5,true,0,20,4915,10.500000,10.500000,2.97920418494e-13
push_sum,full,50,50,1,true,0,50,39834,25.500000,25.500000,6.57807368489e-10
push_sum,full,50,50,2,true,0,50,10035,25.500000,25.500000,1.02694323633e-12
push_sum,full,50,50,3,true,0,50,13516,25.500000,25.500000,3.66876899231e-12
push_sum,full,50,50,4,true,0,50,8089,25.500000,25.500000,2.89650656401e-13
push_sum,full,50,50,5,true,0,50,7578,25.500000,25.500000,2.56976836324e-11
push_sum,full,100,100,1,true,0,100,14951,50.500000,50.500000,1.38309605793e-12
push_sum,full,100,100,2,true,0,100,19866,50.500000,50.500000,9.57305082290e-12
push_sum,full,100,100,3,true,0,100,16998,50.500000,50.500000,7.96370670179e-14
push_sum,full,100,100,4,true,0,100,15667,50.500000,50.500000,4.47004545590e-11
push_sum,full,100,100,5,true,0,100,20173,50.500000,50.500000,2.25544555529e-13
push_sum,full,200,200,1,true,0,200,30412,100.500000,100.500000,9.07797883299e-14
push_sum,full,200,200,2,true,0,200,42086,100.500000,100.500000,2.38370473167e-11
push_sum,full,200,200,3,true,0,200,37273,100.500000,100.500000,7.07007697274e-14
push_sum,full,200,200,4,true,0,200,57446,100.500000,100.500000,4.48050856781e-10
push_sum,full,200,200,5,true,0,200,34714,100.500000,100.500000,9.45976298952e-14
push_sum,full,500,500,1,true,0,500,112128,250.500000,250.500000,0.00000000000e+0
push_sum,full,500,500,2,true,0,500,90931,250.500000,250.500000,8.23719003851e-14
push_sum,full,500,500,3,true,0,500,90726,250.500000,250.500000,5.55953597641e-15
push_sum,full,500,500,4,true,0,500,97588,250.500000,250.500000,7.48835458047e-15
push_sum,full,500,500,5,true,0,500,94106,250.500000,250.500000,5.31219335542e-13
push_sum,full,1000,1000,1,true,0,1000,118170,500.500000,500.500000,4.31578404937e-15
push_sum,full,1000,1000,2,true,0,1000,142848,500.500000,500.500000,1.52188174373e-14
push_sum,full,1000,1000,3,true,0,1000,124314,500.500000,500.500000,1.29473521481e-14
push_sum,full,1000,1000,4,true,0,1000,135783,500.500000,500.500000,5.56508995840e-15
push_sum,full,1000,1000,5,true,0,1000,144077,500.500000,500.500000,1.09030333879e-14
push_sum,full,2000,2000,1,true,0,2000,347852,1000.500000,1000.500000,1.13630022710e-15
push_sum,full,2000,2000,2,true,0,2000,218624,1000.500000,1000.500000,1.36356027252e-15
push_sum,full,2000,2000,3,true,0,2000,258048,1000.500000,1000.500000,3.63616072673e-15
push_sum,full,2000,2000,4,true,0,2000,302797,1000.500000,1000.500000,1.36356027252e-15
push_sum,full,2000,2000,5,true,0,2000,400077,1000.500000,1000.500000,3.18164063589e-15
push_sum,full,5000,5000,1,true,0,5000,768922,2500.500000,2500.500000,7.27450271364e-16
push_sum,full,5000,5000,2,true,0,5000,821145,2500.500000,2500.500000,7.27450271364e-16
push_sum,full,5000,5000,3,true,0,5000,626483,2500.500000,2500.500000,3.63725135682e-16
push_sum,full,5000,5000,4,true,0,5000,627200,2500.500000,2500.500000,3.63725135682e-16
push_sum,full,5000,5000,5,true,0,5000,657511,2500.500000,2500.500000,0.00000000000e+0
push_sum,full,10000,10000,1,true,0,10000,1138586,5000.500000,5000.500000,0.00000000000e+0
push_sum,full,10000,10000,2,true,0,10000,1144627,5000.500000,5000.500000,1.81880752279e-16
push_sum,full,10000,10000,3,true,0,10000,1319424,5000.500000,5000.500000,1.81880752279e-16
push_sum,full,10000,10000,4,true,0,10000,1173402,5000.500000,5000.500000,3.63761504559e-16
push_sum,full,10000,10000,5,true,0,10000,1440666,5000.500000,5000.500000,1.81880752279e-16
push_sum,full,20000,20000,1,true,0,20000,2540236,10000.500000,10000.500000,0.00000000000e+0
push_sum,full,20000,20000,2,true,0,20000,2588262,10000.500000,10000.500000,1.81889845862e-16
push_sum,full,20000,20000,3,true,0,20000,2482586,10000.500000,10000.500000,1.81889845862e-16
push_sum,full,20000,20000,4,true,0,20000,2786918,10000.500000,10000.500000,0.00000000000e+0
push_sum,full,20000,20000,5,true,0,20000,3163853,10000.500000,10000.500000,0.00000000000e+0
push_sum,full,50000,50000,1,true,0,50000,7875686,25000.500000,25000.500000,0.00000000000e+0
push_sum,full,50000,50000,2,true,0,50000,6820967,25000.500000,25000.500000,0.00000000000e+0
push_sum,full,50000,50000,3,true,0,50000,8690893,25000.500000,25000.500000,0.00000000000e+0
push_sum,full,50000,50000,4,true,0,50000,6836224,25000.500000,25000.500000,0.00000000000e+0
push_sum,full,50000,50000,5,true,0,50000,6421708,25000.500000,25000.500000,0.00000000000e+0
push_sum,full,100000,100000,1,true,0,100000,25891225,50000.500000,50000.500000,0.00000000000e+0
push_sum,full,100000,100000,2,true,0,100000,16187904,50000.500000,50000.500000,0.00000000000e+0
push_sum,full,100000,100000,3,true,0,100000,21736960,50000.500000,50000.500000,0.00000000000e+0
push_sum,full,100000,100000,4,true,0,100000,31703348,50000.500000,50000.500000,0.00000000000e+0
push_sum,full,100000,100000,5,true,0,100000,32794214,50000.500000,50000.500000,0.00000000000e+0
push_sum,2D,10,16,1,true,0,16,13824,8.500000,8.500000,2.10420961701e-11
push_sum,2D,10,16,2,true,0,16,9318,8.140200,8.500000,4.23294212953e-2
push_sum,2D,10,16,3,true,0,16,8806,8.500000,8.500000,1.16019089760e-11
push_sum,2D,10,16,4,true,0,16,13005,8.500000,8.500000,3.50046788941e-12
push_sum,2D,10,16,5,true,0,16,12186,8.500000,8.500000,9.87912664093e-9
push_sum,2D,20,25,1,true,0,25,23961,13.019110,13.000000,1.47003386155e-3
push_sum,2D,20,25,2,true,0,25,21299,13.000000,13.000000,5.81111651107e-9
push_sum,2D,20,25,3,true,0,25,20275,13.000000,13.000000,5.35623784642e-10
push_sum,2D,20,25,4,true,0,25,15872,12.957073,13.000000,3.30207177678e-3
push_sum,2D,20,25,5,true,0,25,19661,13.000000,13.000000,1.41388686741e-8
push_sum,2D,50,64,1,true,0,64,79360,32.196300,32.500000,9.34461445541e-3
push_sum,2D,50,64,2,true,0,64,85914,32.500565,32.500000,1.73943901055e-5
push_sum,2D,50,64,3,true,0,64,80179,33.455946,32.500000,2.94137158417e-2
push_sum,2D,50,64,4,true,0,64,174592,32.498511,32.500000,4.58067744883e-5
push_sum,2D,50,64,5,true,0,64,100864,32.540872,32.500000,1.25758790386e-3
push_sum,2D,100,100,1,true,0,100,138854,50.499917,50.500000,1.63709034500e-6
push_sum,2D,100,100,2,true,0,100,245657,50.460397,50.500000,7.84225353515e-4
push_sum,2D,100,100,3,true,0,100,174080,50.069257,50.500000,8.52956474496e-3
push_sum,2D,100,100,4,true,0,100,140391,50.460659,50.500000,7.79033337474e-4
push_sum,2D,100,100,5,true,0,100,128205,50.984952,50.500000,9.60301075083e-3
push_sum,2D,200,225,1,true,0,225,686080,112.506778,113.000000,4.36479789123e-3
push_sum,2D,200,225,2,true,0,225,849306,113.228055,113.000000,2.01818818459e-3
push_sum,2D,200,225,3,true,0,225,554291,112.489603,113.000000,4.51678799324e-3
push_sum,2D,200,225,4,true,0,225,588083,113.818198,113.000000,7.24069141472e-3
push_sum,2D,200,225,5,true,0,225,556032,112.630135,113.000000,3.27314049370e-3
push_sum,2D,500,529,1,true,0,529,2599936,267.559571,265.000000,9.65875833313e-3
push_sum,2D,500,529,2,true,0,529,2608230,264.614793,265.000000,1.45361066784e-3
push_sum,2D,500,529,3,true,0,529,2481664,264.793542,265.000000,7.79086207878e-4
push_sum,2D,500,529,4,true,0,529,2548327,263.301074,265.000000,6.41104330852e-3
push_sum,2D,500,529,5,true,0,529,2606592,265.884132,265.000000,3.33634610674e-3
push_sum,2D,1000,1024,1,true,0,1024,6761267,514.033378,512.500000,2.99195640343e-3
push_sum,2D,1000,1024,2,true,0,1024,7637197,512.135472,512.500000,7.11274344175e-4
push_sum,2D,1000,1024,3,true,0,1024,7076148,514.700385,512.500000,4.29343365012e-3
push_sum,2D,1000,1024,4,true,0,1024,7842918,508.380182,512.500000,8.03866925109e-3
push_sum,2D,1000,1024,5,true,0,1024,5632717,510.244246,512.500000,4.40147185638e-3
push_sum,2D,2000,2025,1,true,0,2025,12902400,1016.557658,1013.000000,3.51200200168e-3
push_sum,2D,2000,2025,2,true,0,2025,13720576,1011.641868,1013.000000,1.34070242333e-3
push_sum,2D,2000,2025,3,true,0,2025,12543795,1016.151188,1013.000000,3.11074778743e-3
push_sum,2D,2000,2025,4,true,0,2025,11097395,1010.309015,1013.000000,2.65645156275e-3
push_sum,2D,2000,2025,5,true,0,2025,11603353,1019.578461,1013.000000,6.49403844680e-3
push_sum,2D,5000,5041,1,true,0,5041,42097971,2538.218846,2521.000000,6.83016485234e-3
push_sum,2D,5000,5041,2,true,0,5041,39822643,2507.726087,2521.000000,5.26533637324e-3
push_sum,2D,5000,5041,3,true,0,5041,42658611,2510.151261,2521.000000,4.30334752005e-3
push_sum,2D,5000,5041,4,true,0,5041,40017408,2536.477229,2521.000000,6.13932147300e-3
push_sum,2D,5000,5041,5,true,0,5041,40510874,2538.432551,2521.000000,6.91493484638e-3
push_sum,line,10,10,1,true,0,10,7987,5.497055,5.500000,5.35389265076e-4
push_sum,line,10,10,2,true,0,10,1741,4.710436,5.500000,1.43557033810e-1
push_sum,line,10,10,3,true,0,10,5632,5.393582,5.500000,1.93487969672e-2
push_sum,line,10,10,4,true,0,10,2970,5.220445,5.500000,5.08282466696e-2
push_sum,line,10,10,5,true,0,10,2970,5.457678,5.500000,7.69498892959e-3
push_sum,line,20,20,1,true,0,20,6656,10.221894,10.500000,2.64862579415e-2
push_sum,line,20,20,2,true,0,20,9318,12.407530,10.500000,1.81669526637e-1
push_sum,line,20,20,3,true,0,20,8397,10.595790,10.500000,9.12288541308e-3
push_sum,line,20,20,4,true,0,20,9012,10.579752,10.500000,7.59544144933e-3
push_sum,line,20,20,5,true,0,20,11879,10.200742,10.500000,2.85007708274e-2
push_sum,line,50,50,1,true,0,50,14028,26.426019,25.500000,3.63144732807e-2
push_sum,line,50,50,2,true,0,50,19558,25.299442,25.500000,7.86501680073e-3
push_sum,line,50,50,3,true,0,50,9626,25.242241,25.500000,1.01081914679e-2
push_sum,line,50,50,4,true,0,50,12903,25.594798,25.500000,3.71758201593e-3
push_sum,line,50,50,5,true,0,50,21709,25.458262,25.500000,1.63677568934e-3
push_sum,line,100,100,1,true,0,100,33280,49.219754,50.500000,2.53513996065e-2
push_sum,line,100,100,2,true,0,100,61030,50.032788,50.500000,9.25171633492e-3
push_sum,line,100,100,3,true,0,100,38707,50.786143,50.500000,5.66619311508e-3
push_sum,line,100,100,4,true,0,100,52736,50.337250,50.500000,3.22276689132e-3
push_sum,line,100,100,5,true,0,100,30720,51.522179,50.500000,2.02411657887e-2
push_sum,line,200,200,1,true,0,200,119091,97.784067,100.500000,2.70242124921e-2
push_sum,line,200,200,2,true,0,200,184934,99.430837,100.500000,1.06384353787e-2
push_sum,line,200,200,3,true,0,200,146637,100.479529,100.500000,2.03695334418e-4
push_sum,line,200,200,4,true,0,200,127693,102.917951,100.500000,2.40592123652e-2
push_sum,line,200,200,5,true,0,200,224768,98.125545,100.500000,2.36264164669e-2
push_sum,line,500,500,1,true,0,500,667341,250.728546,250.500000,9.12357451987e-4
push_sum,line,500,500,2,true,0,500,1150566,251.412398,250.500000,3.64230934410e-3
push_sum,line,500,500,3,true,0,500,612249,247.870084,250.500000,1.04986677601e-2
push_sum,line,500,500,4,true,0,500,2823782,247.313773,250.500000,1.27194684973e-2
push_sum,line,500,500,5,true,0,500,558285,249.824693,250.500000,2.69583786543e-3
push_sum,line,1000,1000,1,true,0,1000,5453926,501.619213,500.500000,2.23618909329e-3
push_sum,line,1000,1000,2,true,0,1000,528384,498.861988,500.500000,3.27275194479e-3
push_sum,line,1000,1000,3,true,0,1000,2033050,501.151695,500.500000,1.30208697761e-3
push_sum,line,1000,1000,4,true,0,1000,696320,497.226686,500.500000,6.54008696172e-3
push_sum,line,1000,1000,5,true,0,1000,2060698,498.924844,500.500000,3.14716496477e-3
push_sum,line,2000,2000,1,true,0,2000,4047769,998.849187,1000.500000,1.64998801683e-3
push_sum,line,2000,2000,2,true,0,2000,5448397,1000.635796,1000.500000,1.35728462969e-4
push_sum,line,2000,2000,3,true,0,2000,6615757,999.570460,1000.500000,9.29075870543e-4
push_sum,line,2000,2000,4,true,0,2000,23590912,1000.297918,1000.500000,2.01980696991e-4
push_sum,line,2000,2000,5,true,0,2000,2323865,998.090789,1000.500000,2.40800729870e-3
push_sum,line,5000,5000,1,false,0,4999,60003226,2494.554327,2500.500000,2.37779344191e-3
push_sum,line,5000,5000,2,true,0,5000,43547648,2500.566101,2500.500000,2.64349350690e-5
push_sum,line,5000,5000,3,true,0,5000,5900595,2498.894062,2500.500000,6.42246745029e-4
push_sum,line,5000,5000,4,true,0,5000,11847578,2499.951555,2500.500000,2.19334121810e-4
push_sum,line,5000,5000,5,true,0,5000,18705511,2503.521886,2500.500000,1.20851276536e-3
push_sum,line,10000,10000,1,false,0,9999,60003942,5000.988161,5000.500000,9.76225327486e-5
push_sum,line,10000,10000,2,false,0,9999,60005581,4996.837934,5000.500000,7.32339967713e-4
push_sum,line,10000,10000,3,true,0,10000,19080192,5000.133489,5000.500000,7.32948828263e-5
push_sum,line,10000,10000,4,false,0,9998,60003738,4999.801215,5000.500000,1.39742974250e-4
push_sum,line,10000,10000,5,true,0,10000,52808192,5000.533548,5000.500000,6.70891555650e-6
push_sum,imp2D,10,16,1,true,0,16,2969,8.500000,8.500000,4.16419839787e-12
push_sum,imp2D,10,16,2,true,0,16,2150,8.500000,8.500000,2.15984093355e-12
push_sum,imp2D,10,16,3,true,0,16,1946,8.500000,8.500000,4.71800376545e-12
push_sum,imp2D,10,16,4,true,0,16,2867,8.500000,8.500000,1.54676794249e-11
push_sum,imp2D,10,16,5,true,0,16,1741,8.500000,8.500000,1.51993450505e-12
push_sum,imp2D,20,25,1,true,0,25,2048,13.000000,13.000000,7.18468020121e-13
push_sum,imp2D,20,25,2,true,0,25,2560,13.000000,13.000000,6.82121026330e-13
push_sum,imp2D,20,25,3,true,0,25,3072,13.000000,13.000000,1.78835408021e-11
push_sum,imp2D,20,25,4,true,0,25,3276,13.000000,13.000000,9.72487048155e-13
push_sum,imp2D,20,25,5,true,0,25,2560,13.000000,13.000000,1.16050758746e-12
push_sum,imp2D,50,64,1,true,0,64,11879,32.500000,32.500000,3.22074570774e-9
push_sum,imp2D,50,64,2,true,0,64,10445,32.500000,32.500000,2.16179894498e-12
push_sum,imp2D,50,64,3,true,0,64,9626,32.500000,32.500000,8.53963054117e-13
push_sum,imp2D,50,64,4,true,0,64,11981,32.500000,32.500000,7.08356450419e-12
push_sum,imp2D,50,64,5,true,0,64,23142,32.500000,32.500000,3.90426836160e-12
push_sum,imp2D,100,100,1,true,0,100,40858,50.500000,50.500000,8.95227566445e-12
push_sum,imp2D,100,100,2,true,0,100,44749,50.501850,50.500000,3.66431768990e-5
push_sum,imp2D,100,100,3,true,0,100,28365,50.500000,50.500000,2.61732989517e-12
push_sum,imp2D,100,100,4,true,0,100,32154,50.500001,50.500000,1.42074653560e-8
push_sum,imp2D,100,100,5,true,0,100,20889,50.500000,50.500000,2.34943417856e-12
push_sum,imp2D,200,225,1,true,0,225,47514,113.000000,113.000000,7.11297294418e-13
push_sum,imp2D,200,225,2,true,0,225,59597,112.999999,113.000000,4.91494709631e-9
push_sum,imp2D,200,225,3,true,0,225,55808,113.000000,113.000000,1.12806519288e-13
push_sum,imp2D,200,225,4,true,0,225,52428,113.000000,113.000000,4.06707116363e-13
push_sum,imp2D,200,225,5,true,0,225,90624,113.000000,113.000000,1.42510978436e-12
push_sum,imp2D,500,529,1,true,0,529,163533,265.010657,265.000000,4.02162655669e-5
push_sum,imp2D,500,529,2,true,0,529,131277,265.000000,265.000000,1.10726689872e-12
push_sum,imp2D,500,529,3,true,0,529,137830,265.000083,265.000000,3.14500886456e-7
push_sum,imp2D,500,529,4,true,0,529,110080,265.000000,265.000000,9.20949186932e-12
push_sum,imp2D,500,529,5,true,0,529,143769,265.000712,265.000000,2.68563145332e-6
push_sum,imp2D,1000,1024,1,true,0,1024,267878,512.477239,512.500000,4.44112127593e-5
push_sum,imp2D,1000,1024,2,true,0,1024,250573,512.535110,512.500000,6.85067219347e-5
push_sum,imp2D,1000,1024,3,true,0,1024,322663,512.495906,512.500000,7.98751285047e-6
push_sum,imp2D,1000,1024,4,true,0,1024,323072,512.500000,512.500000,7.09849523335e-15
push_sum,imp2D,1000,1024,5,true,0,1024,308224,512.500000,512.500000,3.89751753906e-13
push_sum,imp2D,2000,2025,1,true,0,2025,790426,1012.999980,1013.000000,1.95902344087e-8
push_sum,imp2D,2000,2025,2,true,0,2025,683110,1013.000000,1013.000000,3.19961672601e-13
push_sum,imp2D,2000,2025,3,true,0,2025,891597,1013.007648,1013.000000,7.54955934939e-6
push_sum,imp2D,2000,2025,4,true,0,2025,657408,1013.000000,1013.000000,6.27353823163e-14
push_sum,imp2D,2000,2025,5,true,0,2025,773120,1012.953320,1013.000000,4.60811046913e-5
push_sum,imp2D,5000,5041,1,true,0,5041,2563994,2521.405821,2521.000000,1.60976366261e-4
push_sum,imp2D,5000,5041,2,true,0,5041,1959731,2521.000097,2521.000000,3.86601734084e-8
push_sum,imp2D,5000,5041,3,true,0,5041,2525696,2521.478829,2521.000000,1.89936130281e-4
push_sum,imp2D,5000,5041,4,true,0,5041,2609459,2520.999662,2521.000000,1.33985131683e-7
push_sum,imp2D,5000,5041,5,true,0,5041,2314240,2521.280032,2521.000000,1.11079831554e-4
push_sum,imp2D,10000,10000,1,true,0,10000,4892160,5000.960201,5000.500000,9.20310801948e-5
push_sum,imp2D,10000,10000,2,true,0,10000,3989811,5000.775041,5000.500000,5.50027290930e-5
push_sum,imp2D,10000,10000,3,true,0,10000,4683161,5000.841476,5000.500000,6.82884668588e-5
push_sum,imp2D,10000,10000,4,true,0,10000,3999846,5000.689982,5000.500000,3.79925937024e-5
push_sum,imp2D,10000,10000,5,true,0,10000,3702784,5000.749116,5000.500000,4.98182422870e-5
push_sum,imp2D,20000,20164,1,true,0,20164,15709901,10082.937479,10082.500000,4.33899776365e-5
push_sum,imp2D,20000,20164,2,true,0,20164,11855565,10082.765071,10082.500000,2.62902130418e-5
push_sum,imp2D,20000,20164,3,true,0,20164,13831373,10082.724640,10082.500000,2.22802059243e-5
push_sum,imp2D,20000,20164,4,true,0,20164,8830874,10083.820935,10082.500000,1.31012616551e-4
push_sum,imp2D,20000,20164,5,true,0,20164,9129574,10082.501129,10082.500000,1.11966719435e-7
push_sum,imp2D,50000,50176,1,true,0,50176,27750195,25089.022427,25088.500000,2.08233462295e-5
push_sum,imp2D,50000,50176,2,true,0,50176,23312794,25089.717082,25088.500000,4.85115493697e-5
push_sum,imp2D,50000,50176,3,true,0,50176,21613261,25090.690602,25088.500000,8.73149881634e-5
push_sum,imp2D,50000,50176,4,true,0,50176,29321933,25090.465809,25088.500000,7.83549711616e-5
push_sum,imp2D,50000,50176,5,true,0,50176,19760947,25089.288915,25088.500000,3.14452938344e-5
