model,algorithm,topology,nodes,param,trial,converged,coverage,terminated,reached_pct,micros,rel_error
death,gossip,full,500,0.0000,1,true,500,0,100.0000,20582,
death,gossip,full,500,0.0000,2,true,500,0,100.0000,5529,
death,gossip,full,500,0.0000,3,true,500,0,100.0000,5325,
death,gossip,full,500,0.0500,1,true,500,0,100.0000,3994,
death,gossip,full,500,0.0500,2,true,500,0,100.0000,4915,
death,gossip,full,500,0.0500,3,true,500,0,100.0000,4301,
death,gossip,full,500,0.1000,1,true,500,0,100.0000,3994,
death,gossip,full,500,0.1000,2,true,500,0,100.0000,3686,
death,gossip,full,500,0.1000,3,true,500,0,100.0000,3584,
death,gossip,full,500,0.2000,1,true,500,0,100.0000,3891,
death,gossip,full,500,0.2000,2,true,500,0,100.0000,3584,
death,gossip,full,500,0.2000,3,true,500,0,100.0000,3584,
death,gossip,full,500,0.3500,1,true,500,0,100.0000,4813,
death,gossip,full,500,0.3500,2,true,500,0,100.0000,3482,
death,gossip,full,500,0.3500,3,true,500,0,100.0000,3891,
death,gossip,full,500,0.5000,1,true,500,0,100.0000,3686,
death,gossip,full,500,0.5000,2,true,500,0,100.0000,5120,
death,gossip,full,500,0.5000,3,true,500,0,100.0000,3584,
death,gossip,2D,529,0.0000,1,true,529,0,100.0000,155444,
death,gossip,2D,529,0.0000,2,true,529,0,100.0000,270233,
death,gossip,2D,529,0.0000,3,false,528,0,99.8110,8008601,
death,gossip,2D,529,0.0500,1,true,528,0,99.8110,112743,
death,gossip,2D,529,0.0500,2,true,528,0,99.8110,67789,
death,gossip,2D,529,0.0500,3,true,529,0,100.0000,93184,
death,gossip,2D,529,0.1000,1,true,526,0,99.4329,138137,
death,gossip,2D,529,0.1000,2,true,526,0,99.4329,93184,
death,gossip,2D,529,0.1000,3,true,527,0,99.6219,64512,
death,gossip,2D,529,0.2000,1,true,525,0,99.2439,117248,
death,gossip,2D,529,0.2000,2,true,517,0,97.7316,121344,
death,gossip,2D,529,0.2000,3,true,527,0,99.6219,75879,
death,gossip,2D,529,0.3500,1,true,520,0,98.2987,89702,
death,gossip,2D,529,0.3500,2,true,524,0,99.0548,93389,
death,gossip,2D,529,0.3500,3,true,520,0,98.2987,81818,
death,gossip,2D,529,0.5000,1,true,523,0,98.8658,109056,
death,gossip,2D,529,0.5000,2,true,521,0,98.4877,90317,
death,gossip,2D,529,0.5000,3,false,516,0,97.5425,3006362,
death,gossip,line,500,0.0000,1,false,262,0,52.4000,8003174,
death,gossip,line,500,0.0000,2,false,249,0,49.8000,8003277,
death,gossip,line,500,0.0000,3,false,156,0,31.2000,8002150,
death,gossip,line,500,0.0500,1,false,161,0,32.2000,8002048,
death,gossip,line,500,0.0500,2,false,231,0,46.2000,8002867,
death,gossip,line,500,0.0500,3,false,200,0,40.0000,8003481,
death,gossip,line,500,0.1000,1,false,117,0,23.4000,3013325,
death,gossip,line,500,0.1000,2,false,63,0,12.6000,2999091,
death,gossip,line,500,0.1000,3,false,194,0,38.8000,8002867,
death,gossip,line,500,0.2000,1,false,143,0,28.6000,3002880,
death,gossip,line,500,0.2000,2,false,84,0,16.8000,3004621,
death,gossip,line,500,0.2000,3,false,88,0,17.6000,3012403,
death,gossip,line,500,0.3500,1,false,139,0,27.8000,3012096,
death,gossip,line,500,0.3500,2,false,121,0,24.2000,3002573,
death,gossip,line,500,0.3500,3,false,172,0,34.4000,2997248,
death,gossip,line,500,0.5000,1,false,103,0,20.6000,2999296,
death,gossip,line,500,0.5000,2,false,67,0,13.4000,3001446,
death,gossip,line,500,0.5000,3,false,111,0,22.2000,3002164,
death,gossip,imp2D,529,0.0000,1,true,529,0,100.0000,78644,
death,gossip,imp2D,529,0.0000,2,true,529,0,100.0000,50176,
death,gossip,imp2D,529,0.0000,3,true,529,0,100.0000,93184,
death,gossip,imp2D,529,0.0500,1,true,529,0,100.0000,48333,
death,gossip,imp2D,529,0.0500,2,true,529,0,100.0000,36147,
death,gossip,imp2D,529,0.0500,3,true,529,0,100.0000,30106,
death,gossip,imp2D,529,0.1000,1,true,529,0,100.0000,32052,
death,gossip,imp2D,529,0.1000,2,true,529,0,100.0000,46387,
death,gossip,imp2D,529,0.1000,3,true,529,0,100.0000,36864,
death,gossip,imp2D,529,0.2000,1,true,529,0,100.0000,49664,
death,gossip,imp2D,529,0.2000,2,true,529,0,100.0000,73933,
death,gossip,imp2D,529,0.2000,3,true,529,0,100.0000,31437,
death,gossip,imp2D,529,0.3500,1,true,529,0,100.0000,48128,
death,gossip,imp2D,529,0.3500,2,true,528,0,99.8110,33280,
death,gossip,imp2D,529,0.3500,3,true,527,0,99.6219,38810,
death,gossip,imp2D,529,0.5000,1,true,529,0,100.0000,22937,
death,gossip,imp2D,529,0.5000,2,true,528,0,99.8110,31949,
death,gossip,imp2D,529,0.5000,3,true,528,0,99.8110,40038,
death,push_sum,full,500,0.0000,1,true,0,500,100.0000,73932,1.77224391738e-13
death,push_sum,full,500,0.0000,2,true,0,500,100.0000,48640,3.22226166796e-14
death,push_sum,full,500,0.0000,3,true,0,500,100.0000,50074,7.16385921531e-13
death,push_sum,full,500,0.0500,1,false,0,394,78.8000,8004506,5.52117421376e-8
death,push_sum,full,500,0.0500,2,false,0,32,6.4000,8012493,1.43959639585e-7
death,push_sum,full,500,0.0500,3,false,0,0,0.0000,8003789,
death,push_sum,full,500,0.1000,1,false,0,0,0.0000,8003072,
death,push_sum,full,500,0.1000,2,false,0,5,1.0000,8002048,1.06238165811e-4
death,push_sum,full,500,0.1000,3,false,0,0,0.0000,8010650,
death,push_sum,full,500,0.2000,1,false,0,0,0.0000,8004711,
death,push_sum,full,500,0.2000,2,false,0,0,0.0000,8007373,
death,push_sum,full,500,0.2000,3,false,0,0,0.0000,8006042,
death,push_sum,full,500,0.3500,1,false,0,0,0.0000,8007987,
death,push_sum,full,500,0.3500,2,false,0,0,0.0000,8008295,
death,push_sum,full,500,0.3500,3,false,0,0,0.0000,8008908,
death,push_sum,full,500,0.5000,1,false,0,0,0.0000,8009012,
death,push_sum,full,500,0.5000,2,false,0,0,0.0000,8003789,
death,push_sum,full,500,0.5000,3,false,0,0,0.0000,8007782,
death,push_sum,2D,529,0.0000,1,true,0,529,100.0000,1707623,8.58470115772e-4
death,push_sum,2D,529,0.0000,2,true,0,529,100.0000,1217741,1.20367827278e-3
death,push_sum,2D,529,0.0000,3,true,0,529,100.0000,1213952,1.87039075744e-3
death,push_sum,2D,529,0.0500,1,false,0,42,7.9395,8009830,1.41852337422e-2
death,push_sum,2D,529,0.0500,2,false,0,8,1.5123,8001433,6.42882773983e-2
death,push_sum,2D,529,0.0500,3,false,0,15,2.8355,8005734,1.56623509755e-1
death,push_sum,2D,529,0.1000,1,false,0,19,3.5917,8002252,3.81037184841e-1
death,push_sum,2D,529,0.1000,2,false,0,11,2.0794,8003789,3.61560397305e-1
death,push_sum,2D,529,0.1000,3,false,0,9,1.7013,8008295,3.04908636558e-1
death,push_sum,2D,529,0.2000,1,false,0,4,0.7561,8009319,4.74475566433e-1
death,push_sum,2D,529,0.2000,2,false,0,11,2.0794,8010343,1.30437739661e-2
death,push_sum,2D,529,0.2000,3,false,0,7,1.3233,8005734,6.42375017867e-2
death,push_sum,2D,529,0.3500,1,false,0,3,0.5671,8008396,5.89261160277e-1
death,push_sum,2D,529,0.3500,2,false,0,7,1.3233,8015769,2.60815122161e-1
death,push_sum,2D,529,0.3500,3,false,0,7,1.3233,8002560,6.63207547170e-1
death,push_sum,2D,529,0.5000,1,false,0,2,0.3781,8010957,1.55425506475e-1
death,push_sum,2D,529,0.5000,2,false,0,3,0.5671,8007578,7.48282882863e-1
death,push_sum,2D,529,0.5000,3,false,0,6,1.1342,8003174,4.60769450464e-1
death,push_sum,line,500,0.0000,1,true,0,500,100.0000,517223,6.33031098334e-3
death,push_sum,line,500,0.0000,2,true,0,500,100.0000,147047,6.25476178830e-3
death,push_sum,line,500,0.0000,3,true,0,500,100.0000,954676,1.02739022367e-3
death,push_sum,line,500,0.0500,1,false,0,472,94.4000,8004301,4.74455036160e-2
death,push_sum,line,500,0.0500,2,false,0,446,89.2000,8013722,4.75785837803e-2
death,push_sum,line,500,0.0500,3,false,0,493,98.6000,8003584,1.00113608432e-3
death,push_sum,line,500,0.1000,1,false,0,435,87.0000,8011161,3.21566670041e-3
death,push_sum,line,500,0.1000,2,false,0,448,89.6000,8001126,5.39215441743e-2
death,push_sum,line,500,0.1000,3,false,0,404,80.8000,8008295,3.04515593454e-2
death,push_sum,line,500,0.2000,1,false,0,415,83.0000,8001536,2.40195547942e-3
death,push_sum,line,500,0.2000,2,false,0,390,78.0000,8012800,3.44647302020e-2
death,push_sum,line,500,0.2000,3,false,0,398,79.6000,7999795,1.52210927298e-2
death,push_sum,line,500,0.3500,1,false,0,354,70.8000,8005632,3.15907312276e-2
death,push_sum,line,500,0.3500,2,false,0,386,77.2000,8012800,1.58543914822e-2
death,push_sum,line,500,0.3500,3,false,0,312,62.4000,8001331,6.63915921620e-3
death,push_sum,line,500,0.5000,1,false,0,271,54.2000,8005120,1.96306605539e-2
death,push_sum,line,500,0.5000,2,false,0,275,55.0000,8016384,8.15696446695e-2
death,push_sum,line,500,0.5000,3,false,0,318,63.6000,8002662,7.09263727190e-2
death,push_sum,imp2D,529,0.0000,1,true,0,529,100.0000,267776,2.98741275588e-4
death,push_sum,imp2D,529,0.0000,2,true,0,529,100.0000,155750,4.95446445810e-4
death,push_sum,imp2D,529,0.0000,3,true,0,529,100.0000,141927,3.03618951584e-4
death,push_sum,imp2D,529,0.0500,1,false,0,382,72.2117,8000410,8.38342089082e-8
death,push_sum,imp2D,529,0.0500,2,false,0,406,76.7486,8013312,1.52720836553e-4
death,push_sum,imp2D,529,0.0500,3,false,0,1,0.1890,8011572,1.13929413438e-4
death,push_sum,imp2D,529,0.1000,1,false,0,0,0.0000,8007372,
death,push_sum,imp2D,529,0.1000,2,false,0,6,1.1342,8004710,3.26455289203e-4
death,push_sum,imp2D,529,0.1000,3,false,0,3,0.5671,8001332,1.61694011087e-3
death,push_sum,imp2D,529,0.2000,1,false,0,0,0.0000,8004199,
death,push_sum,imp2D,529,0.2000,2,false,0,1,0.1890,8002765,1.75108711675e-2
death,push_sum,imp2D,529,0.2000,3,false,0,1,0.1890,8016589,2.86493009387e-4
death,push_sum,imp2D,529,0.3500,1,false,0,1,0.1890,8009625,1.19287556580e-1
death,push_sum,imp2D,529,0.3500,2,false,0,1,0.1890,8003584,7.80620114701e-2
death,push_sum,imp2D,529,0.3500,3,false,0,0,0.0000,8011981,
death,push_sum,imp2D,529,0.5000,1,false,0,0,0.0000,8005939,
death,push_sum,imp2D,529,0.5000,2,false,0,0,0.0000,8010035,
death,push_sum,imp2D,529,0.5000,3,false,0,1,0.1890,8006656,8.16729327676e-3
drop,gossip,full,500,0.0000,1,true,500,0,100.0000,7475,
drop,gossip,full,500,0.0000,2,true,500,0,100.0000,6963,
drop,gossip,full,500,0.0000,3,true,500,0,100.0000,6861,
drop,gossip,full,500,0.0500,1,true,500,0,100.0000,8089,
drop,gossip,full,500,0.0500,2,true,500,0,100.0000,6553,
drop,gossip,full,500,0.0500,3,true,500,0,100.0000,6247,
drop,gossip,full,500,0.1000,1,true,500,0,100.0000,7577,
drop,gossip,full,500,0.1000,2,true,500,0,100.0000,8397,
drop,gossip,full,500,0.1000,3,true,500,0,100.0000,8704,
drop,gossip,full,500,0.2000,1,true,500,0,100.0000,7168,
drop,gossip,full,500,0.2000,2,true,500,0,100.0000,7988,
drop,gossip,full,500,0.2000,3,true,500,0,100.0000,8089,
drop,gossip,full,500,0.3500,1,true,500,0,100.0000,8704,
drop,gossip,full,500,0.3500,2,true,500,0,100.0000,9114,
drop,gossip,full,500,0.3500,3,true,500,0,100.0000,7475,
drop,gossip,full,500,0.5000,1,true,500,0,100.0000,7475,
drop,gossip,full,500,0.5000,2,true,500,0,100.0000,7988,
drop,gossip,full,500,0.5000,3,true,500,0,100.0000,8192,
drop,gossip,2D,529,0.0000,1,true,529,0,100.0000,260608,
drop,gossip,2D,529,0.0000,2,true,529,0,100.0000,322048,
drop,gossip,2D,529,0.0000,3,true,529,0,100.0000,201932,
drop,gossip,2D,529,0.0500,1,true,529,0,100.0000,217907,
drop,gossip,2D,529,0.0500,2,true,529,0,100.0000,167731,
drop,gossip,2D,529,0.0500,3,true,529,0,100.0000,176230,
drop,gossip,2D,529,0.1000,1,true,529,0,100.0000,266650,
drop,gossip,2D,529,0.1000,2,true,529,0,100.0000,144076,
drop,gossip,2D,529,0.1000,3,true,529,0,100.0000,175616,
drop,gossip,2D,529,0.2000,1,true,529,0,100.0000,122982,
drop,gossip,2D,529,0.2000,2,true,529,0,100.0000,127180,
drop,gossip,2D,529,0.2000,3,true,529,0,100.0000,125235,
drop,gossip,2D,529,0.3500,1,true,529,0,100.0000,116019,
drop,gossip,2D,529,0.3500,2,false,528,0,99.8110,8006041,
drop,gossip,2D,529,0.3500,3,false,528,0,99.8110,8004916,
drop,gossip,2D,529,0.5000,1,false,525,0,99.2439,8004506,
drop,gossip,2D,529,0.5000,2,false,527,0,99.6219,8005529,
drop,gossip,2D,529,0.5000,3,false,527,0,99.6219,8004505,
drop,gossip,line,500,0.0000,1,false,139,0,27.8000,8001741,
drop,gossip,line,500,0.0000,2,false,191,0,38.2000,8002355,
drop,gossip,line,500,0.0000,3,true,500,0,100.0000,2003763,
drop,gossip,line,500,0.0500,1,true,500,0,100.0000,1503232,
drop,gossip,line,500,0.0500,2,false,213,0,42.6000,8002764,
drop,gossip,line,500,0.0500,3,true,500,0,100.0000,1163879,
drop,gossip,line,500,0.1000,1,false,225,0,45.0000,8003379,
drop,gossip,line,500,0.1000,2,false,81,0,16.2000,8000819,
drop,gossip,line,500,0.1000,3,false,189,0,37.8000,8002150,
drop,gossip,line,500,0.2000,1,false,35,0,7.0000,8000819,
drop,gossip,line,500,0.2000,2,false,151,0,30.2000,8001126,
drop,gossip,line,500,0.2000,3,false,135,0,27.0000,8001638,
drop,gossip,line,500,0.3500,1,false,109,0,21.8000,8001331,
drop,gossip,line,500,0.3500,2,false,44,0,8.8000,8000614,
drop,gossip,line,500,0.3500,3,false,97,0,19.4000,8000717,
drop,gossip,line,500,0.5000,1,false,33,0,6.6000,8000512,
drop,gossip,line,500,0.5000,2,false,17,0,3.4000,8000820,
drop,gossip,line,500,0.5000,3,false,65,0,13.0000,8002765,
drop,gossip,imp2D,529,0.0000,1,true,529,0,100.0000,50790,
drop,gossip,imp2D,529,0.0000,2,true,529,0,100.0000,45363,
drop,gossip,imp2D,529,0.0000,3,true,529,0,100.0000,179405,
drop,gossip,imp2D,529,0.0500,1,true,529,0,100.0000,25702,
drop,gossip,imp2D,529,0.0500,2,true,529,0,100.0000,113050,
drop,gossip,imp2D,529,0.0500,3,true,529,0,100.0000,70656,
drop,gossip,imp2D,529,0.1000,1,true,529,0,100.0000,195174,
drop,gossip,imp2D,529,0.1000,2,true,529,0,100.0000,59494,
drop,gossip,imp2D,529,0.1000,3,false,528,0,99.8110,8002559,
drop,gossip,imp2D,529,0.2000,1,false,528,0,99.8110,8004504,
drop,gossip,imp2D,529,0.2000,2,true,529,0,100.0000,78950,
drop,gossip,imp2D,529,0.2000,3,true,529,0,100.0000,62669,
drop,gossip,imp2D,529,0.3500,1,false,528,0,99.8110,8003377,
drop,gossip,imp2D,529,0.3500,2,false,528,0,99.8110,8004504,
drop,gossip,imp2D,529,0.3500,3,true,529,0,100.0000,43930,
drop,gossip,imp2D,529,0.5000,1,false,526,0,99.4329,8002353,
drop,gossip,imp2D,529,0.5000,2,false,526,0,99.4329,8002968,
drop,gossip,imp2D,529,0.5000,3,true,529,0,100.0000,30310,
drop,push_sum,full,500,0.0000,1,true,0,500,100.0000,35021,3.88032919170e-14
drop,push_sum,full,500,0.0000,2,true,0,500,100.0000,30106,1.47497893252e-14
drop,push_sum,full,500,0.0000,3,true,0,500,100.0000,32358,1.67920678471e-14
drop,push_sum,full,500,0.0500,1,false,0,0,0.0000,8002763,
drop,push_sum,full,500,0.0500,2,false,0,0,0.0000,8004197,
drop,push_sum,full,500,0.0500,3,false,0,0,0.0000,8010751,
drop,push_sum,full,500,0.1000,1,false,0,0,0.0000,8016895,
drop,push_sum,full,500,0.1000,2,false,0,0,0.0000,8008805,
drop,push_sum,full,500,0.1000,3,false,0,0,0.0000,8004914,
drop,push_sum,full,500,0.2000,1,false,0,0,0.0000,8006654,
drop,push_sum,full,500,0.2000,2,false,0,0,0.0000,8002456,
drop,push_sum,full,500,0.2000,3,false,0,0,0.0000,8010546,
drop,push_sum,full,500,0.3500,1,false,0,0,0.0000,8021297,
drop,push_sum,full,500,0.3500,2,false,0,0,0.0000,8004811,
drop,push_sum,full,500,0.3500,3,false,0,0,0.0000,8012081,
drop,push_sum,full,500,0.5000,1,false,0,0,0.0000,8000715,
drop,push_sum,full,500,0.5000,2,false,0,0,0.0000,8001022,
drop,push_sum,full,500,0.5000,3,false,0,0,0.0000,8006962,
drop,push_sum,2D,529,0.0000,1,true,0,529,100.0000,1505484,3.20021968919e-3
drop,push_sum,2D,529,0.0000,2,true,0,529,100.0000,1513471,1.92857211635e-3
drop,push_sum,2D,529,0.0000,3,true,0,529,100.0000,1221836,1.46171910041e-3
drop,push_sum,2D,529,0.0500,1,false,0,0,0.0000,8003173,
drop,push_sum,2D,529,0.0500,2,false,0,4,0.7561,8007883,6.97646970956e-1
drop,push_sum,2D,529,0.0500,3,false,0,0,0.0000,8015154,
drop,push_sum,2D,529,0.1000,1,false,0,0,0.0000,8001227,
drop,push_sum,2D,529,0.1000,2,false,0,0,0.0000,8002866,
drop,push_sum,2D,529,0.1000,3,false,0,0,0.0000,8001022,
drop,push_sum,2D,529,0.2000,1,false,0,0,0.0000,8000510,
drop,push_sum,2D,529,0.2000,2,false,0,0,0.0000,8008498,
drop,push_sum,2D,529,0.2000,3,false,0,0,0.0000,8000920,
drop,push_sum,2D,529,0.3500,1,false,0,0,0.0000,8000306,
drop,push_sum,2D,529,0.3500,2,false,0,0,0.0000,8003070,
drop,push_sum,2D,529,0.3500,3,false,0,0,0.0000,8013516,
drop,push_sum,2D,529,0.5000,1,false,0,0,0.0000,8004300,
drop,push_sum,2D,529,0.5000,2,false,0,0,0.0000,8005938,
drop,push_sum,2D,529,0.5000,3,false,0,0,0.0000,8008190,
drop,push_sum,line,500,0.0000,1,true,0,500,100.0000,175207,1.17225452360e-2
drop,push_sum,line,500,0.0000,2,true,0,500,100.0000,226099,4.63861551866e-3
drop,push_sum,line,500,0.0000,3,true,0,500,100.0000,359629,4.27393989773e-3
drop,push_sum,line,500,0.0500,1,false,0,28,5.6000,8003787,2.90526609160e-1
drop,push_sum,line,500,0.0500,2,false,0,26,5.2000,8005118,1.28316154593e-1
drop,push_sum,line,500,0.0500,3,false,0,26,5.2000,8005118,3.04640926201e-1
drop,push_sum,line,500,0.1000,1,false,0,5,1.0000,8012184,7.91883270790e-1
drop,push_sum,line,500,0.1000,2,false,0,10,2.0000,8002968,3.54833004490e-1
drop,push_sum,line,500,0.1000,3,false,0,8,1.6000,8001023,1.51764626580e-2
drop,push_sum,line,500,0.2000,1,false,0,4,0.8000,8006450,3.49209475785e-1
drop,push_sum,line,500,0.2000,2,false,0,5,1.0000,8005528,4.04144092767e-1
drop,push_sum,line,500,0.2000,3,false,0,3,0.6000,8005630,4.43113772455e-1
drop,push_sum,line,500,0.3500,1,false,0,0,0.0000,8005835,
drop,push_sum,line,500,0.3500,2,false,0,1,0.2000,8014027,2.43512974052e-1
drop,push_sum,line,500,0.3500,3,false,0,1,0.2000,8009828,1.59680638723e-2
drop,push_sum,line,500,0.5000,1,false,0,0,0.0000,8007576,
drop,push_sum,line,500,0.5000,2,false,0,0,0.0000,8006552,
drop,push_sum,line,500,0.5000,3,false,0,0,0.0000,8002866,
drop,push_sum,imp2D,529,0.0000,1,true,0,529,100.0000,115507,1.70101859352e-6
drop,push_sum,imp2D,529,0.0000,2,true,0,529,100.0000,132710,4.17423747559e-13
drop,push_sum,imp2D,529,0.0000,3,true,0,529,100.0000,182784,6.79117977786e-13
drop,push_sum,imp2D,529,0.0500,1,false,0,0,0.0000,8012696,
drop,push_sum,imp2D,529,0.0500,2,false,0,0,0.0000,8012082,
drop,push_sum,imp2D,529,0.0500,3,false,0,0,0.0000,8011365,
drop,push_sum,imp2D,529,0.1000,1,false,0,0,0.0000,8008600,
drop,push_sum,imp2D,529,0.1000,2,false,0,0,0.0000,8005835,
drop,push_sum,imp2D,529,0.1000,3,false,0,0,0.0000,8005426,
drop,push_sum,imp2D,529,0.2000,1,false,0,0,0.0000,8008600,
drop,push_sum,imp2D,529,0.2000,2,false,0,0,0.0000,8004606,
drop,push_sum,imp2D,529,0.2000,3,false,0,0,0.0000,8005528,
drop,push_sum,imp2D,529,0.3500,1,false,0,0,0.0000,8006757,
drop,push_sum,imp2D,529,0.3500,2,false,0,0,0.0000,8013413,
drop,push_sum,imp2D,529,0.3500,3,false,0,0,0.0000,8010443,
drop,push_sum,imp2D,529,0.5000,1,false,0,0,0.0000,8001432,
drop,push_sum,imp2D,529,0.5000,2,false,0,0,0.0000,8011876,
drop,push_sum,imp2D,529,0.5000,3,false,0,0,0.0000,8009419,
